clone	tip	reason
Clonotype_1261	Clonotype_1261|AACTGGTAGACTAGGC-1|seq3	IGHG2
Clonotype_1261	Clonotype_1261|AACTTTCGTGAGTGAC-1|seq5	IGHG2
Clonotype_1261	Clonotype_1261|AGAGTGGAGGCCCGTT-1|seq21	IGHG2
Clonotype_1261	Clonotype_1261|ATTCTACCAAAGCGGT-1|seq32	IGHG2
Clonotype_1261	Clonotype_1261|CAACCTCAGGACATTA-1|seq34	IGHG2
Clonotype_1261	Clonotype_1261|GACGGCTGTGCCTGCA-1|seq84	IGHG1_after_IGHA1
Clonotype_1261	Clonotype_1261|GATCGATTCTTACCTA-1|seq86	IGHG2
Clonotype_1261	Clonotype_1261|GGAAAGCAGAACAACT-1|seq100	IGHG2
Clonotype_1261	Clonotype_1261|GTCGTAAGTACCGAGA-1|seq106	IGHG2
Clonotype_1261	Clonotype_1261|TCTCATATCACCTTAT-1|seq121	IGHG2
Clonotype_133	Clonotype_133|ATCTGCCGTATCAGTC-1|seq29	IGHG2
Clonotype_133	Clonotype_133|ATTGGACTCCGGGTGT-1|seq35	IGHG2
Clonotype_133	Clonotype_133|CCGGGATAGCGGCTTC-1|seq46	IGHG2
Clonotype_133	Clonotype_133|TGGTTCCTCACCCTCA-1|seq115	IGHG2
Clonotype_133	Clonotype_133|TTAGTTCAGGCCCGTT-1|seq118	IGHG2
Clonotype_133	Clonotype_133|TTCTCAATCAGGTTCA-1|seq119	IGHG2
Clonotype_133	Clonotype_133|TTGCCGTGTTCCCTTG-1|seq121	IGHG2
